juan14@outlook.com,juan14
migue25@gmail.com,migue25
felipe04@outlook.es,feli04
angel03@hotmail.com,angel03
herika@gmail.com,herika22
tatiana@outlook.com,tatiana,11
jumi1425@hotmail.com,juanmiguel1425